dev	df	ratio	p
1429948.5609598907	27395472	0.05219652944690607	1
141695.98591316352	800	177.11998239145439	0
109847.209804632	13326	8.243074426281856	0
17023.582586178556	1825	9.32799045818003	0
