ns_sparsity	i_sparsity
0.4440163455925278	0.7781085814360771
