tst_170_length	tst_170_alt_length	tst_170_r	tst_170_alt_r	n_tmb_h	n_tmb_l	prop_tmb_h	prop_tmb_l
0.39743	0.376092	0.7441364633166561	0.8452331099594269	47	124	NA	NA
