tst_170_length	tst_170_alt_length	tst_170_r	tst_170_alt_r
0.39743	0.376092	0.7441364633166561	0.8452331099594269
