n_tib_h	n_tib_l	prop_tib_h	prop_tib_l
57	114	0.3333333333333333	0.6666666666666666
