n_tib_h	n_tib_l	prop_tib_h	prop_tib_l	t_0.6_r_tib	count_0.6_r_tib	linear_0.6_r_tib	prop_confidence_tib
57	114	0.3333333333333333	0.6666666666666666	0.37946146298476147	-43.97286451283508	-0.15495463655619313	0.976878612716763
